{"num_hole_feat": 0, "num_revolve_feat": 0, "num_fillet_feat": 0, "num_vertices": 893, "z_dim": 1350.305474082553, "body_name_STEP": ["Body1", "056bc396-4ddf-41ea-8d52-96636800f93c"], "descriptor": ["Part", "GrabCAD"], "num_faces": 601, "UUID_assembly": "056bc396-4ddf-41ea-8d52-96636800f93c.f3d", "num_edges": 1462, "x_dim": 1719.1685570088828, "UUID_part": "00aa9d3a-779a-4d41-9728-44ccc97cbce5", "num_extrude_feat": 0, "va_ratio": 8.172508609701781, "y_dim": 1004.0, "num_chamfer_feat": 0, "volume": 68426568.6362302, "area": 8372774.126539234}