{"body_name_STEP": ["0af76b56-acba-470f-968d-431c02393d39", "Body1"], "area": 71363.96886045541, "va_ratio": 0.9908148954682187, "num_faces": 10, "z_dim": 99.1784300596494, "num_fillet_feat": 0, "UUID_assembly": "0af76b56-acba-470f-968d-431c02393d39.f3d", "y_dim": 99.04525039864723, "num_vertices": 12, "num_revolve_feat": 0, "num_chamfer_feat": 0, "volume": 70708.48334666934, "num_hole_feat": 0, "UUID_part": "00b9cb99-2620-4ef7-93dc-ce3f07cdcc16", "num_extrude_feat": 0, "x_dim": 303.8789906417523, "num_edges": 16, "descriptor": ["Part", "GrabCAD"]}