{"va_ratio": 1.6648764769064874, "num_revolve_feat": 0, "y_dim": 3.9999999999997726, "num_edges": 12, "volume": 9919.999999999447, "descriptor": ["Part", "GrabCAD"], "z_dim": 99.99999999999986, "num_fillet_feat": 0, "area": 5958.3999999999, "UUID_assembly": "005232b2-6e1c-4b00-b107-39802d9e8f64.f3d", "num_hole_feat": 0, "num_vertices": 8, "UUID_part": "00b9126a-227a-43a1-82e5-f46b3baed713", "num_extrude_feat": 0, "num_faces": 6, "x_dim": 24.799999999999827, "body_name_STEP": ["Body1", "005232b2-6e1c-4b00-b107-39802d9e8f64"], "num_chamfer_feat": 0}