{"z_dim": 10.27714344258385, "y_dim": 1.25, "num_faces": 1, "volume": 0.0, "num_extrude_feat": 0, "num_chamfer_feat": 0, "num_fillet_feat": 0, "num_hole_feat": 0, "UUID_part": "00fcb422-49b0-475c-8fdf-6a4982343e1a", "area": 24.37500000002504, "num_vertices": 4, "num_revolve_feat": 0, "num_edges": 4, "x_dim": 16.571974012209196, "UUID_assembly": "07f5d2d6-b479-4e78-a972-ce80d3e08612.f3d", "body_name_STEP": ["Body1", "07f5d2d6-b479-4e78-a972-ce80d3e08612"], "va_ratio": 0.0, "descriptor": ["Part", "GrabCAD"]}