{"num_faces": 1, "num_edges": 0, "area": 35.87049369659046, "descriptor": ["Part", "GrabCAD"], "num_extrude_feat": 0, "num_vertices": 0, "num_fillet_feat": 0, "num_revolve_feat": 0, "body_name_STEP": ["Body1", "01e3a7dd-e9c7-4793-b754-0603f7751e64"], "x_dim": 3.3790431731361537, "num_chamfer_feat": 0, "num_hole_feat": 0, "UUID_part": "0a6cdb93-7530-4c60-9cc0-7f1cbae661fd", "volume": 20.201324473747945, "va_ratio": 0.5631738621893602, "z_dim": 3.3790431731361537, "UUID_assembly": "01e3a7dd-e9c7-4793-b754-0603f7751e64.f3d", "y_dim": 3.3790431731361537}