{"body_name_STEP": ["0af76b56-acba-470f-968d-431c02393d39", "Body1"], "area": 1570.7963267948965, "va_ratio": 1.2500000000000666, "num_faces": 4, "z_dim": 29.999999999999716, "num_fillet_feat": 0, "UUID_assembly": "0af76b56-acba-470f-968d-431c02393d39.f3d", "y_dim": 5.000000000000142, "num_vertices": 4, "num_revolve_feat": 0, "num_chamfer_feat": 0, "volume": 1963.495408493725, "num_hole_feat": 0, "UUID_part": "00c9c470-aae4-4da7-9cb6-50435daf4608", "num_extrude_feat": 0, "x_dim": 29.999999999999716, "num_edges": 4, "descriptor": ["Part", "GrabCAD"]}