{"num_hole_feat": 0, "va_ratio": 1.6242586190426103, "z_dim": 36.000000000000014, "num_fillet_feat": 0, "num_faces": 11, "num_chamfer_feat": 0, "UUID_part": "0a3f2bc6-eb42-4859-8fea-0c56bb280ed2", "num_vertices": 16, "num_edges": 22, "body_name_STEP": ["Body1", "0293f3c5-193b-4e0b-ad6b-fb9d55da799a"], "area": 2346.1659153468167, "descriptor": ["Part", "GrabCAD"], "y_dim": 35.85424890607277, "x_dim": 5.994400000000013, "num_extrude_feat": 0, "UUID_assembly": "0293f3c5-193b-4e0b-ad6b-fb9d55da799a.f3d", "num_revolve_feat": 0, "volume": 3810.780209706062}