{"y_dim": 11.181318670295484, "z_dim": 4.0688447125653475, "va_ratio": 0.14009111309235672, "body_name_STEP": ["Body1", "0d642e94-1e65-41f1-8871-a2d2bf740122"], "num_vertices": 70, "num_extrude_feat": 0, "descriptor": ["Part", "GrabCAD"], "UUID_part": "0a5b7c84-2feb-4eae-aba3-931b5f2014a9", "num_revolve_feat": 0, "area": 269.859264579707, "num_chamfer_feat": 0, "x_dim": 28.980100211741178, "num_hole_feat": 0, "num_fillet_feat": 0, "volume": 37.80488475325594, "UUID_assembly": "0d642e94-1e65-41f1-8871-a2d2bf740122.f3d", "num_edges": 110, "num_faces": 46}