{"num_hole_feat": 0, "num_revolve_feat": 0, "num_fillet_feat": 0, "num_vertices": 26, "z_dim": 93.26915565803858, "body_name_STEP": ["Body1", "073eb722-12a9-4646-83b5-69123f344042"], "descriptor": ["Part", "GrabCAD"], "num_faces": 21, "UUID_assembly": "073eb722-12a9-4646-83b5-69123f344042.f3d", "num_edges": 38, "x_dim": 30.0, "UUID_part": "0a5fc57b-22f6-4f29-9928-eea7d4df2d13", "num_extrude_feat": 0, "va_ratio": 4.158495905426153, "y_dim": 94.88740898351523, "num_chamfer_feat": 0, "volume": 39386.197322380904, "area": 9471.260335014013}