{"num_faces": 5, "num_edges": 5, "area": 3731.4750549781884, "descriptor": ["Part", "GrabCAD"], "num_extrude_feat": 0, "num_vertices": 5, "num_fillet_feat": 0, "num_revolve_feat": 0, "body_name_STEP": ["Body1", "01bff214-1c5e-46b1-b76b-5adcec2ef2c0"], "x_dim": 26.79370115796388, "num_chamfer_feat": 0, "num_hole_feat": 0, "UUID_part": "0a6cbacc-c799-4eee-914c-33f8e76f7df4", "volume": 17939.643555554037, "va_ratio": 4.807654691841133, "z_dim": 43.014464182614915, "UUID_assembly": "01bff214-1c5e-46b1-b76b-5adcec2ef2c0.f3d", "y_dim": 28.460349344552185}