{"va_ratio": 5.257475083056709, "num_revolve_feat": 0, "y_dim": 50.0, "num_edges": 6, "volume": 52201.48893021375, "descriptor": ["Part", "GrabCAD"], "z_dim": 50.0, "num_fillet_feat": 0, "area": 9929.003581670553, "UUID_assembly": "005232b2-6e1c-4b00-b107-39802d9e8f64.f3d", "num_hole_feat": 0, "num_vertices": 6, "UUID_part": "00a51dcb-276f-4529-b5e5-69a5f7fa27a3", "num_extrude_feat": 0, "num_faces": 6, "x_dim": 30.0, "body_name_STEP": ["Body1", "005232b2-6e1c-4b00-b107-39802d9e8f64"], "num_chamfer_feat": 0}