{"body_name_STEP": ["0a21a428-76a4-44de-9967-8e886209ed9d", "Body1"], "area": 187.19299058785793, "va_ratio": 1.2865261098575198, "num_faces": 1, "z_dim": 7.719156659145199, "num_fillet_feat": 0, "UUID_assembly": "0a21a428-76a4-44de-9967-8e886209ed9d.f3d", "y_dim": 7.719156659145128, "num_vertices": 0, "num_revolve_feat": 0, "num_chamfer_feat": 0, "volume": 240.82866997359218, "num_hole_feat": 0, "UUID_part": "00b6a7b1-c182-43c2-b6f5-d22207f143b2", "num_extrude_feat": 0, "x_dim": 7.719156659144915, "num_edges": 0, "descriptor": ["Part", "GrabCAD"]}