{"va_ratio": 3.5989013013880586, "num_revolve_feat": 0, "y_dim": 60.0, "num_edges": 15, "volume": 304452.4761828907, "descriptor": ["Part", "GrabCAD"], "z_dim": 60.0, "num_fillet_feat": 0, "area": 84595.9504545086, "UUID_assembly": "005232b2-6e1c-4b00-b107-39802d9e8f64.f3d", "num_hole_feat": 0, "num_vertices": 15, "UUID_part": "00d70397-8072-4131-8057-cd424844d50c", "num_extrude_feat": 0, "num_faces": 14, "x_dim": 250.00000000000006, "body_name_STEP": ["Body1", "005232b2-6e1c-4b00-b107-39802d9e8f64"], "num_chamfer_feat": 0}