{"num_faces": 25, "num_edges": 69, "area": 13085.28947480167, "descriptor": ["Part", "GrabCAD"], "num_extrude_feat": 0, "num_vertices": 46, "num_fillet_feat": 0, "num_revolve_feat": 0, "body_name_STEP": ["Body1", "0160b08c-1980-42c3-aef1-1da569f51c3f"], "x_dim": 47.10000000000001, "num_chamfer_feat": 0, "num_hole_feat": 0, "UUID_part": "00d722be-8000-4cb5-b2b6-0883b301d4e6", "volume": 27793.098715486823, "va_ratio": 1.415997140351536, "z_dim": 140.0, "UUID_assembly": "0160b08c-1980-42c3-aef1-1da569f51c3f.f3d", "y_dim": 33.999999999999986}