{"z_dim": 1.3740878950000024, "y_dim": 18.72010543, "num_faces": 1, "volume": 0.0, "num_extrude_feat": 0, "num_chamfer_feat": 0, "num_fillet_feat": 0, "num_hole_feat": 0, "UUID_part": "00e074a5-e605-4903-8b0c-d4613da1e6cb", "area": 42.216346705787636, "num_vertices": 4, "num_revolve_feat": 0, "num_edges": 4, "x_dim": 1.7640528079000006, "UUID_assembly": "07f5d2d6-b479-4e78-a972-ce80d3e08612.f3d", "body_name_STEP": ["Body1", "07f5d2d6-b479-4e78-a972-ce80d3e08612"], "va_ratio": 0.0, "descriptor": ["Part", "GrabCAD"]}