{"num_hole_feat": 0, "x_dim": 23.518343962607844, "num_faces": 11, "UUID_assembly": "088c24d2-3cba-4f17-a2a8-6d7f881cafc8.f3d", "area": 916.6948302427642, "num_extrude_feat": 0, "z_dim": 19.52689793474093, "body_name_STEP": ["Body1", "088c24d2-3cba-4f17-a2a8-6d7f881cafc8"], "descriptor": ["Part", "GrabCAD"], "num_chamfer_feat": 0, "num_fillet_feat": 0, "volume": 1570.756424568946, "num_vertices": 15, "num_edges": 21, "UUID_part": "00ee185b-abe6-426d-8178-64b61acfc861", "y_dim": 13.00000000000054, "va_ratio": 1.7134998177670202, "num_revolve_feat": 0}