{"body_name_STEP": ["0af76b56-acba-470f-968d-431c02393d39", "Body1"], "area": 1887.7409748073617, "va_ratio": 0.0, "num_faces": 10, "z_dim": 15.63076923217153, "num_fillet_feat": 0, "UUID_assembly": "0af76b56-acba-470f-968d-431c02393d39.f3d", "y_dim": 25.790769230769257, "num_vertices": 16, "num_revolve_feat": 0, "num_chamfer_feat": 0, "volume": 0.0, "num_hole_feat": 0, "UUID_part": "0a2b7bd7-4a68-4f82-bbba-d0146bcaa0dd", "num_extrude_feat": 0, "x_dim": 25.790769230768547, "num_edges": 22, "descriptor": ["Part", "GrabCAD"]}