{"z_dim": 10.38138881576046, "y_dim": 15.204853480235197, "num_faces": 1, "volume": 0.0, "num_extrude_feat": 0, "num_chamfer_feat": 0, "num_fillet_feat": 0, "num_hole_feat": 0, "UUID_part": "0a4fef1b-11f8-4cb9-a046-74621fe574ad", "area": 67.36858120421164, "num_vertices": 4, "num_revolve_feat": 0, "num_edges": 4, "x_dim": 13.226780943566894, "UUID_assembly": "07f5d2d6-b479-4e78-a972-ce80d3e08612.f3d", "body_name_STEP": ["Body1", "07f5d2d6-b479-4e78-a972-ce80d3e08612"], "va_ratio": 0.0, "descriptor": ["Part", "GrabCAD"]}