{"z_dim": 1.5000088506712927, "y_dim": 39.602153107947835, "num_faces": 87, "volume": 12.80573106602254, "num_extrude_feat": 0, "num_chamfer_feat": 0, "num_fillet_feat": 0, "num_hole_feat": 0, "UUID_part": "0a5f7082-a057-44b0-ad1d-644fbc113a3a", "area": 2562.8006085697875, "num_vertices": 162, "num_revolve_feat": 0, "num_edges": 239, "x_dim": 39.902826490693855, "UUID_assembly": "07f5d2d6-b479-4e78-a972-ce80d3e08612.f3d", "body_name_STEP": ["Body1", "07f5d2d6-b479-4e78-a972-ce80d3e08612"], "va_ratio": 0.004996772290127161, "descriptor": ["Part", "GrabCAD"]}