{"num_hole_feat": 0, "va_ratio": 0.9893115829959326, "z_dim": 100.00000000000001, "num_fillet_feat": 0, "num_faces": 37, "num_chamfer_feat": 0, "UUID_part": "000dabbf-3ba4-44b7-b42b-1efb7065e6d1", "num_vertices": 68, "num_edges": 92, "body_name_STEP": ["Body1", "036e4bc3-258e-4cf2-bc68-63498a437bd8"], "area": 367447.8601618789, "descriptor": ["Part", "GrabCAD"], "y_dim": 550.0, "x_dim": 100.00000000000003, "num_extrude_feat": 0, "UUID_assembly": "036e4bc3-258e-4cf2-bc68-63498a437bd8.f3d", "num_revolve_feat": 0, "volume": 363520.4242052165}