{"va_ratio": 0.7861910046048858, "num_revolve_feat": 0, "y_dim": 130.96875, "num_edges": 4, "volume": 1035.8936222547768, "descriptor": ["Part", "GrabCAD"], "z_dim": 3.175000000000001, "num_fillet_feat": 0, "area": 1317.6106266636612, "UUID_assembly": "00aa5e9f-5cb6-49c7-9034-e3279d8af3f8.f3d", "num_hole_feat": 0, "num_vertices": 4, "UUID_part": "00b9b926-9ceb-4693-a9d8-828c089cd9fb", "num_extrude_feat": 0, "num_faces": 5, "x_dim": 3.175000000000008, "body_name_STEP": ["Body1", "00aa5e9f-5cb6-49c7-9034-e3279d8af3f8"], "num_chamfer_feat": 0}