{"num_hole_feat": 0, "va_ratio": 0.0, "z_dim": 0.016172439655548487, "num_fillet_feat": 0, "num_faces": 1, "num_chamfer_feat": 0, "UUID_part": "00d2b983-1b73-4177-bbf6-ebfab5bc0e2a", "num_vertices": 4, "num_edges": 4, "body_name_STEP": ["Body1", "05558ee1-be05-427f-bc0f-80be3891ec76"], "area": 0.12964602758402277, "descriptor": ["Part", "GrabCAD"], "y_dim": 1.033495246584124, "x_dim": 0.5551446982860853, "num_extrude_feat": 0, "UUID_assembly": "05558ee1-be05-427f-bc0f-80be3891ec76.f3d", "num_revolve_feat": 0, "volume": 0.0}