{"z_dim": 42.1300720088216, "y_dim": 79.48178586272574, "num_faces": 5, "volume": 26256.29019148556, "num_extrude_feat": 0, "num_chamfer_feat": 0, "num_fillet_feat": 0, "num_hole_feat": 0, "UUID_part": "00f5c10d-a498-42b1-9196-eec8dbefb9be", "area": 52770.8620809395, "num_vertices": 6, "num_revolve_feat": 0, "num_edges": 8, "x_dim": 207.49552479565014, "UUID_assembly": "07f5d2d6-b479-4e78-a972-ce80d3e08612.f3d", "body_name_STEP": ["Body1", "07f5d2d6-b479-4e78-a972-ce80d3e08612"], "va_ratio": 0.4975528000890697, "descriptor": ["Part", "GrabCAD"]}