{"num_hole_feat": 0, "va_ratio": 0.8509170094516217, "z_dim": 10.832933455726756, "num_fillet_feat": 0, "num_faces": 39, "num_chamfer_feat": 0, "UUID_part": "0a0b5e6b-734a-40b4-9fa2-d6bff769868a", "num_vertices": 74, "num_edges": 111, "body_name_STEP": ["Body1", "05558ee1-be05-427f-bc0f-80be3891ec76"], "area": 800.1972796799373, "descriptor": ["Part", "GrabCAD"], "y_dim": 20.23148118115003, "x_dim": 17.620216406824767, "num_extrude_feat": 0, "UUID_assembly": "05558ee1-be05-427f-bc0f-80be3891ec76.f3d", "num_revolve_feat": 0, "volume": 680.9014761965752}