{"num_faces": 4, "num_edges": 4, "area": 1814.2697574481065, "descriptor": ["Part", "GrabCAD"], "num_extrude_feat": 0, "num_vertices": 4, "num_fillet_feat": 0, "num_revolve_feat": 0, "body_name_STEP": ["Body1", "01511513-4c9d-457c-9144-870fc7ff7ad4"], "x_dim": 4.0000000000000036, "num_chamfer_feat": 0, "num_hole_feat": 0, "UUID_part": "0a5e7b40-b294-4cbc-be54-02afe60c0857", "volume": 2246.2387473168014, "va_ratio": 1.2380952380952923, "z_dim": 34.0, "UUID_assembly": "01511513-4c9d-457c-9144-870fc7ff7ad4.f3d", "y_dim": 34.0}