{"y_dim": 45.99999999961, "z_dim": 29.000000000799986, "va_ratio": 3.321402704218249, "body_name_STEP": ["Body1", "0cf577c3-7ad4-416c-bc39-b986951bcfcd"], "num_vertices": 76, "num_extrude_feat": 0, "descriptor": ["Part", "GrabCAD"], "UUID_part": "00ac27ad-dd1b-4137-9aa6-dc04ac8586b4", "num_revolve_feat": 0, "area": 10028.226800443957, "num_chamfer_feat": 0, "x_dim": 39.999999999520014, "num_hole_feat": 0, "num_fillet_feat": 0, "volume": 33307.77961350848, "UUID_assembly": "0cf577c3-7ad4-416c-bc39-b986951bcfcd.f3d", "num_edges": 130, "num_faces": 58}