{"num_faces": 3, "num_hole_feat": 0, "area": 109.95574287564274, "volume": 51.83627878423149, "UUID_part": "00ae1d52-9267-473a-9e8c-dbf7661bc573", "num_fillet_feat": 0, "num_vertices": 2, "num_revolve_feat": 0, "num_chamfer_feat": 0, "descriptor": ["Part", "GrabCAD"], "x_dim": 2.0000000000000284, "z_dim": 2.0000000000000284, "body_name_STEP": ["09946e19-ef53-4e4a-9d69-fe4cb111e8bd", "Body1"], "y_dim": 16.499999999999993, "UUID_assembly": "09946e19-ef53-4e4a-9d69-fe4cb111e8bd.f3d", "num_edges": 2, "num_extrude_feat": 0, "va_ratio": 0.47142857142857064}