{"body_name_STEP": ["0ab9c903-88f7-4a16-9c9f-08c4b0698402", "Body1"], "area": 72.75195672988839, "va_ratio": 0.4682748624866775, "num_faces": 14, "z_dim": 3.668574635840595, "num_fillet_feat": 0, "UUID_assembly": "0ab9c903-88f7-4a16-9c9f-08c4b0698402.f3d", "y_dim": 6.1, "num_vertices": 18, "num_revolve_feat": 0, "num_chamfer_feat": 0, "volume": 34.0679125333252, "num_hole_feat": 0, "UUID_part": "00dd4e83-2687-4909-9e27-485b7943bec7", "num_extrude_feat": 0, "x_dim": 3.6685746358405957, "num_edges": 24, "descriptor": ["Part", "GrabCAD"]}