{"z_dim": 1.500435949249379, "y_dim": 1.3010083066485123, "num_faces": 1, "volume": 0.0, "num_extrude_feat": 0, "num_chamfer_feat": 0, "num_fillet_feat": 0, "num_hole_feat": 0, "UUID_part": "0a4dc369-56b4-4030-89c3-80b76fccc55c", "area": 0.9103820100665685, "num_vertices": 3, "num_revolve_feat": 0, "num_edges": 3, "x_dim": 1.2635081704979712, "UUID_assembly": "07f5d2d6-b479-4e78-a972-ce80d3e08612.f3d", "body_name_STEP": ["Body1", "07f5d2d6-b479-4e78-a972-ce80d3e08612"], "va_ratio": 0.0, "descriptor": ["Part", "GrabCAD"]}